{"cameraMode":{"drawMode":0,"name":"Shaded","section":"Shading Mode"},"sceneLighting":true,"audioPlay":false,"sceneViewState":{"m_AlwaysRefresh":false,"showFog":true,"showSkybox":true,"showFlares":true,"showImageEffects":true,"showParticleSystems":true,"showVisualEffectGraphs":true,"m_FxEnabled":true},"in2DMode":false,"pivot":{"x":11.737180709838868,"y":9.274316787719727,"z":-1.7665337324142457},"rotation":{"x":0.009989585727453232,"y":-0.9488297700881958,"z":-0.030174724757671357,"w":-0.31421399116516116},"size":15.255325317382813,"orthographic":false}